<?xml version="1.0" encoding="utf-8"?>
<images><image name="Airi Akizuki"><fullname>Airi Akizuki</fullname><source>http://0x40Hues.blogspot.com/Sources/Defaults#Megumi</source><align>center</align></image><image name="Agiri Goshiki"><fullname>Agiri Goshiki</fullname><source>http://0x40Hues.blogspot.com/Sources/Defaults#Agiri</source><align>center</align></image><image name="Ai Enma"><fullname>Ai Enma</fullname><source>http://0x40Hues.blogspot.com/Sources/Defaults#Ai</source><align>left</align></image><image name="Akari Akaza"><fullname>Akari Akaza</fullname><source>http://0x40Hues.blogspot.com/Sources/Defaults#Akarin</source><align>center</align></image><image name="Akatsuki"><fullname>Akatsuki</fullname><source>http://0x40Hues.blogspot.com/Sources/Defaults#Akatsuki</source><align>center</align></image><image name="Alice Margatroid"><fullname>Alice Margatroid</fullname><source>http://0x40Hues.blogspot.com/Sources/Defaults#Alice</source><align>center</align></image><image name="Astraea"><fullname>Astraea</fullname><source>http://0x40Hues.blogspot.com/Sources/Defaults#Astraea</source><align>right</align></image><image name="Asuha Touhara"><fullname>Asuha Touhara</fullname><source>http://0x40Hues.blogspot.com/Sources/Defaults#Asuha</source><align>center</align></image><image name="Asuka Langley Soryu"><fullname>Asuka Langley Soryu</fullname><source>http://0x40Hues.blogspot.com/Sources/Defaults#Asuka</source><align>center</align></image><image name="Ayase Aragaki"><fullname>Ayase Aragaki</fullname><source>http://0x40Hues.blogspot.com/Sources/Defaults#Ayase</source><align>center</align></image><image name="CC"><fullname>C.C.</fullname><source>http://0x40Hues.blogspot.com/Sources/Defaults#CC</source><align>right</align></image><image name="Chika Itou"><fullname>Chika Itou</fullname><source>http://0x40Hues.blogspot.com/Sources/Defaults#Chika</source><align>center</align></image><image name="Chiri Kitsu"><fullname>Chiri Kitsu</fullname><source>http://0x40Hues.blogspot.com/Sources/Defaults#Chiri</source><align>right</align></image><image name="Eru Chitanda"><fullname>Eru Chitanda</fullname><source>http://0x40Hues.blogspot.com/Sources/Defaults#Chitanda</source><align>center</align></image><image name="Chiyo Mihama"><fullname>Chiyo Mihama</fullname><source>http://0x40Hues.blogspot.com/Sources/Defaults#Chiyo</source><align>center</align></image><image name="Cirno"><fullname>Cirno</fullname><source>http://0x40Hues.blogspot.com/Sources/Defaults#Cirno</source><align>center</align></image><image name="Crona"><fullname>Crona</fullname><source>http://0x40Hues.blogspot.com/Sources/Defaults#Crona</source><align>right</align></image><image name="Kneesocks Demon Scanty Demon"><fullname>Kneesocks Demon, Scanty Demon</fullname><source>http://0x40Hues.blogspot.com/Sources/Defaults#Demon_Sisters</source><align>center</align></image><image name="Emi Ibarazaki"><fullname>Emi Ibarazaki</fullname><source>http://0x40Hues.blogspot.com/Sources/Defaults#Emi</source><align>center</align></image><image name="Etna"><fullname>Etna</fullname><source>http://0x40Hues.blogspot.com/Sources/Defaults#Etna</source><align>center</align></image><image name="Eureka"><fullname>Eureka</fullname><source>http://0x40Hues.blogspot.com/Sources/Defaults#Eureka</source><align>center</align></image><image name="Excel"><fullname>Excel</fullname><source>http://0x40Hues.blogspot.com/Sources/Defaults#Excel</source><align>right</align></image><image name="Faye Valentine"><fullname>Faye Valentine</fullname><source>http://0x40Hues.blogspot.com/Sources/Defaults#Faye</source><align>right</align></image><image name="Felli Loss"><fullname>Felli Loss</fullname><source>http://0x40Hues.blogspot.com/Sources/Defaults#Felli</source><align>center</align></image><image name="Flandre Scarlet"><fullname>Flandre Scarlet</fullname><source>http://0x40Hues.blogspot.com/Sources/Defaults#Flandre</source><align>center</align></image><image name="Fran Madaraki"><fullname>Fran Madaraki</fullname><source>http://0x40Hues.blogspot.com/Sources/Defaults#Fran</source><align>center</align></image><image name="Fuu Kasumi"><fullname>Fuu Kasumi</fullname><source>http://0x40Hues.blogspot.com/Sources/Defaults#Fuu</source><align>left</align></image><image name="Galil AR"><fullname>Galil AR</fullname><source>http://0x40Hues.blogspot.com/Sources/Defaults#Galil</source><align>center</align></image><image name="Hajime Ichinose"><fullname>Hajime Ichinose</fullname><source>http://0x40Hues.blogspot.com/Sources/Defaults#Hajime_Ichinose</source><align>center</align></image><image name="Hakase Shinonome"><fullname>Hakase Shinonome</fullname><source>http://0x40Hues.blogspot.com/Sources/Defaults#Hakase</source><align>center</align></image><image name="Hanako Ikezawa"><fullname>Hanako Ikezawa</fullname><source>http://0x40Hues.blogspot.com/Sources/Defaults#Hanako</source><align>center</align></image><image name="Haruhi Suzumiya"><fullname>Haruhi Suzumiya</fullname><source>http://0x40Hues.blogspot.com/Sources/Defaults#Haruhi</source><align>right</align></image><image name="Haruhi Fujioka"><fullname>Haruhi Fujioka</fullname><source>http://0x40Hues.blogspot.com/Sources/Defaults#Haruhi_Fujioka</source><align>center</align></image><image name="Haruko Haruhara"><fullname>Haruko Haruhara</fullname><source>http://0x40Hues.blogspot.com/Sources/Defaults#Haruko</source><align>left</align></image><image name="Hitoha Marui"><fullname>Hitoha Marui</fullname><source>http://0x40Hues.blogspot.com/Sources/Defaults#Hitoha</source><align>center</align></image><image name="Holo Wisewolf of Yoitsu"><fullname>Holo "Wisewolf of Yoitsu"</fullname><source>http://0x40Hues.blogspot.com/Sources/Defaults#Holo</source><align>right</align></image><image name="Homura Akemi"><fullname>Homura Akemi</fullname><source>http://0x40Hues.blogspot.com/Sources/Defaults#Homura</source><align>center</align></image><image name="Hyatt"><fullname>Hyatt</fullname><source>http://0x40Hues.blogspot.com/Sources/Defaults#Hyatt</source><align>right</align></image><image name="Mayaka Ibara"><fullname>Mayaka Ibara</fullname><source>http://0x40Hues.blogspot.com/Sources/Defaults#Ibara</source><align>center</align></image><image name="Ika Musume"><fullname>Ika Musume</fullname><source>http://0x40Hues.blogspot.com/Sources/Defaults#Ika</source><align>left</align></image><image name="Kagami Hiiragi"><fullname>Kagami Hiiragi</fullname><source>http://0x40Hues.blogspot.com/Sources/Defaults#Kagami</source><align>center</align></image><image name="Kanade Tachibana"><fullname>Kanade Tachibana</fullname><source>http://0x40Hues.blogspot.com/Sources/Defaults#Kanade</source><align>right</align></image><image name="Yuuko Kanoe"><fullname>Yuuko Kanoe</fullname><source>http://0x40Hues.blogspot.com/Sources/Defaults#Kanoe</source><align>right</align></image><image name="Kaori"><fullname>Kaori</fullname><source>http://0x40Hues.blogspot.com/Sources/Defaults#Kaori</source><align>left</align></image><image name="Karen Kujou"><fullname>Karen Kujou</fullname><source>http://0x40Hues.blogspot.com/Sources/Defaults#Karen</source><align>center</align></image><image name="You Kasukabe"><fullname>You Kasukabe</fullname><source>http://0x40Hues.blogspot.com/Sources/Defaults#Kasukabe</source><align>center</align></image><image name="Kate"><fullname>Kate</fullname><source>http://0x40Hues.blogspot.com/Sources/Defaults#Kate</source><align>center</align></image><image name="Kirino Kousaka"><fullname>Kirino Kousaka</fullname><source>http://0x40Hues.blogspot.com/Sources/Defaults#Kirino</source><align>right</align></image><image name="Kirisame Marisa"><fullname>Kirisame Marisa</fullname><source>http://0x40Hues.blogspot.com/Sources/Defaults#Kirisame_Marisa</source><align>right</align></image><image name="Konata Izumi"><fullname>Konata Izumi</fullname><source>http://0x40Hues.blogspot.com/Sources/Defaults#Konata</source><align>right</align></image><image name="Kurisu Makise"><fullname>Kurisu Makise</fullname><source>http://0x40Hues.blogspot.com/Sources/Defaults#Kurisu</source><align>center</align></image><image name="Kuroko Shirai"><fullname>Kuroko Shirai</fullname><source>http://0x40Hues.blogspot.com/Sources/Defaults#Kuroko</source><align>right</align></image><image name="Kyouka Midarezaki"><fullname>Kyouka Midarezaki</fullname><source>http://0x40Hues.blogspot.com/Sources/Defaults#Kyouka</source><align>right</align></image><image name="Kyouko Sakura"><fullname>Kyouko Sakura</fullname><source>http://0x40Hues.blogspot.com/Sources/Defaults#Kyouko_Sakura</source><align>center</align></image><image name="Kyouko Toshinou"><fullname>Kyouko Toshinou</fullname><source>http://0x40Hues.blogspot.com/Sources/Defaults#Kyouko_Toshinou</source><align>center</align></image><image name="Kyuubey"><fullname>Kyuubey</fullname><source>http://0x40Hues.blogspot.com/Sources/Defaults#Kyubey</source><align>center</align></image><image name="Lain Iwakura"><fullname>Lain Iwakura</fullname><source>http://0x40Hues.blogspot.com/Sources/Defaults#Lain</source><align>center</align></image><image name="Lain Iwakura_"><fullname>Lain Iwakura</fullname><source>http://0x40Hues.blogspot.com/Sources/Defaults#Lain</source><align>left</align><frameDuration>83,83,83,83,83,83,83,83,83,83,83,83,83,83,83,83,83,83</frameDuration></image><image name="Lala-Ru"><fullname>Lala-Ru</fullname><source>http://0x40Hues.blogspot.com/Sources/Defaults#Lala-Ru</source><align>center</align></image><image name="Lilly Satou"><fullname>Lilly Satou</fullname><source>http://0x40Hues.blogspot.com/Sources/Defaults#Lilly</source><align>center</align></image><image name="Louise Franoise Le Blanc de La Vallire"><fullname>Louise Françoise Le Blanc de La Vallière</fullname><source>http://0x40Hues.blogspot.com/Sources/Defaults#Louiseouise</source><align>center</align></image><image name="Francesca Lucchini"><fullname>Francesca Lucchini</fullname><source>http://0x40Hues.blogspot.com/Sources/Defaults#Lucchini</source><align>left</align></image><image name="Lucy"><fullname>Lucy</fullname><source>http://0x40Hues.blogspot.com/Sources/Defaults#Lucy</source><align>left</align></image><image name="Madotsuki"><fullname>Madotsuki</fullname><source>http://0x40Hues.blogspot.com/Sources/Defaults#Madotsuki</source><align>center</align></image><image name="Mai Minakami"><fullname>Mai Minakami</fullname><source>http://0x40Hues.blogspot.com/Sources/Defaults#Mai</source><align>right</align></image><image name="Maka Albarn"><fullname>Maka Albarn</fullname><source>http://0x40Hues.blogspot.com/Sources/Defaults#Maka</source><align>right</align></image><image name="Makina Sakamaki"><fullname>Makina Sakamaki</fullname><source>http://0x40Hues.blogspot.com/Sources/Defaults#Makimaki</source><align>center</align></image><image name="Makoto Kikuchi"><fullname>Makoto Kikuchi</fullname><source>http://0x40Hues.blogspot.com/Sources/Defaults#Makoto</source><align>center</align></image><image name="Mami Tomoe"><fullname>Mami Tomoe</fullname><source>http://0x40Hues.blogspot.com/Sources/Defaults#Mami</source><align>right</align></image><image name="Mao Amatsuka"><fullname>Mao Amatsuka</fullname><source>http://0x40Hues.blogspot.com/Sources/Defaults#Mao</source><align>center</align></image><image name="Mary"><fullname>Mary</fullname><source>http://0x40Hues.blogspot.com/Sources/Defaults#Mary</source><align>right</align></image><image name="Mashiro Mitsumine"><fullname>Mashiro Mitsumine</fullname><source>http://0x40Hues.blogspot.com/Sources/Defaults#Mashiro</source><align>center</align></image><image name="Mayoi Hachikuji"><fullname>Mayoi Hachikuji</fullname><source>http://0x40Hues.blogspot.com/Sources/Defaults#Mayoi</source><align>left</align></image><image name="Mayuri Shiina"><fullname>Mayuri Shiina</fullname><source>http://0x40Hues.blogspot.com/Sources/Defaults#Mayuri</source><align>center</align></image><image name="Melfina"><fullname>Melfina</fullname><source>http://0x40Hues.blogspot.com/Sources/Defaults#Melfina</source><align>left</align></image><image name="Mey-Rin"><fullname>Mey-Rin</fullname><source>http://0x40Hues.blogspot.com/Sources/Defaults#Mey-Rin</source><align>left</align></image><image name="Miho Nishizumi"><fullname>Miho Nishizumi</fullname><source>http://0x40Hues.blogspot.com/Sources/Defaults#Miho</source><align>center</align></image><image name="Miku Hatsune"><fullname>Miku Hatsune</fullname><source>http://0x40Hues.blogspot.com/Sources/Defaults#Miku</source><align>right</align></image><image name="Mio Akiyama"><fullname>Mio Akiyama</fullname><source>http://0x40Hues.blogspot.com/Sources/Defaults#Mio</source><align>right</align></image><image name="Mio Naganohara"><fullname>Mio Naganohara</fullname><source>http://0x40Hues.blogspot.com/Sources/Defaults#Mio_Naganohara</source><align>right</align></image><image name="Mirai Kuriyama"><fullname>Mirai Kuriyama</fullname><source>http://0x40Hues.blogspot.com/Sources/Defaults#Mirai</source><align>center</align></image><image name="Mikoto Misaka"><fullname>Mikoto Misaka</fullname><source>http://0x40Hues.blogspot.com/Sources/Defaults#Misaka</source><align>left</align></image><image name="Misaki Nakahara"><fullname>Misaki Nakahara</fullname><source>http://0x40Hues.blogspot.com/Sources/Defaults#Misaki</source><align>center</align></image><image name="Miu Matsuoka"><fullname>Miu Matsuoka</fullname><source>http://0x40Hues.blogspot.com/Sources/Defaults#Miu</source><align>center</align></image><image name="Miyako"><fullname>Miyako</fullname><source>http://0x40Hues.blogspot.com/Sources/Defaults#Miyako</source><align>center</align></image><image name="Mizuki Himeji"><fullname>Mizuki Himeji</fullname><source>http://0x40Hues.blogspot.com/Sources/Defaults#Mizuki</source><align>center</align></image><image name="Momo Belia Deviluke"><fullname>Momo Belia Deviluke</fullname><source>http://0x40Hues.blogspot.com/Sources/Defaults#Momo</source><align>center</align></image><image name="Monoko"><fullname>Monoko</fullname><source>http://0x40Hues.blogspot.com/Sources/Defaults#Monoko</source><align>left</align></image><image name="Morgiana"><fullname>Morgiana</fullname><source>http://0x40Hues.blogspot.com/Sources/Defaults#Morgiana</source><align>left</align></image><image name="Motoko Major Kusanagi"><fullname>Motoko "Major" Kusanagi</fullname><source>http://0x40Hues.blogspot.com/Sources/Defaults#Motoko</source><align>right</align></image><image name="Nano Shinonome"><fullname>Nano Shinonome</fullname><source>http://0x40Hues.blogspot.com/Sources/Defaults#Nano</source><align>center</align></image><image name="Iroe Genma"><fullname>Iroe Genma</fullname><source>http://0x40Hues.blogspot.com/Sources/Defaults#Nee-san</source><align>center</align></image><image name="Nol Kannagi"><fullname>Noël Kannagi</fullname><source>http://0x40Hues.blogspot.com/Sources/Defaults#Noel</source><align>center</align></image><image name="Nymph"><fullname>Nymph</fullname><source>http://0x40Hues.blogspot.com/Sources/Defaults#Nymph</source><align>center</align></image><image name="Onihime"><fullname>Onihime</fullname><source>https://0x40hues.blogspot.com/p/0x40-hues-default-sources.html#Onihime</source><align>center</align></image><image name="Ayumu Osaka Kasuga"><fullname>Ayumu "Osaka" Kasuga</fullname><source>http://0x40Hues.blogspot.com/Sources/Defaults#Osaka</source><align>center</align></image><image name="Popura Taneshima"><fullname>Popura Taneshima</fullname><source>http://0x40Hues.blogspot.com/Sources/Defaults#Popura</source><align>center</align></image><image name="Rei Ayanami"><fullname>Rei Ayanami</fullname><source>http://0x40Hues.blogspot.com/Sources/Defaults#Rei</source><align>center</align></image><image name="Renge Miyauchi"><fullname>Renge Miyauchi</fullname><source>http://0x40Hues.blogspot.com/Sources/Defaults#Renge</source><align>center</align></image><image name="Rika Furude"><fullname>Rika Furude</fullname><source>http://0x40Hues.blogspot.com/Sources/Defaults#Rika</source><align>left</align></image><image name="Rikka Takanashi"><fullname>Rikka Takanashi</fullname><source>http://0x40Hues.blogspot.com/Sources/Defaults#Rikka</source><align>center</align></image><image name="Rin Tohsaka"><fullname>Rin Tohsaka</fullname><source>http://0x40Hues.blogspot.com/Sources/Defaults#Rin</source><align>center</align></image><image name="Rin Tezuka"><fullname>Rin Tezuka</fullname><source>http://0x40Hues.blogspot.com/Sources/Defaults#Rin_Tezuka</source><align>center</align></image><image name="Ritsu Tainaka"><fullname>Ritsu Tainaka</fullname><source>http://0x40Hues.blogspot.com/Sources/Defaults#Ritsu</source><align>center</align></image><image name="Ruri Gokou"><fullname>Ruri Gokou</fullname><source>http://0x40Hues.blogspot.com/Sources/Defaults#Ruri</source><align>center</align></image><image name="Ryuuko Matoi"><fullname>Ryuuko Matoi</fullname><source>http://0x40Hues.blogspot.com/Sources/Defaults#Ryuuko</source><align>right</align></image><image name="SAKO RK95"><fullname>SAKO RK95</fullname><source>http://0x40Hues.blogspot.com/Sources/Defaults#Sako</source><align>right</align></image><image name="Sakura Kinomoto"><fullname>Sakura Kinomoto</fullname><source>http://0x40Hues.blogspot.com/Sources/Defaults#Sakura</source><align>center</align></image><image name="Sakurako Ohmuro"><fullname>Sakurako Ohmuro</fullname><source>http://0x40Hues.blogspot.com/Sources/Defaults#Sakurako</source><align>center</align></image><image name="Sanae Dekomori"><fullname>Sanae Dekomori</fullname><source>http://0x40Hues.blogspot.com/Sources/Defaults#Sanae</source><align>left</align></image><image name="Hitagi Senjougahara"><fullname>Hitagi Senjougahara</fullname><source>http://0x40Hues.blogspot.com/Sources/Defaults#Senjougahara</source><align>right</align></image><image name="Mashiro Shiina"><fullname>Mashiro Shiina</fullname><source>http://0x40Hues.blogspot.com/Sources/Defaults#Shiina</source><align>center</align></image><image name="Shinobu Oshino"><fullname>Shinobu Oshino</fullname><source>http://0x40Hues.blogspot.com/Sources/Defaults#Shinobu</source><align>center</align></image><image name="Sonya"><fullname>Sonya</fullname><source>http://0x40Hues.blogspot.com/Sources/Defaults#Sonya</source><align>center</align></image><image name="Stocking Anarchy"><fullname>Stocking Anarchy</fullname><source>http://0x40Hues.blogspot.com/Sources/Defaults#Stocking</source><align>center</align></image><image name="Suiseiseki"><fullname>Suiseiseki</fullname><source>http://0x40Hues.blogspot.com/Sources/Defaults#Suiseiseki</source><align>left</align></image><image name="Taiga Aisaka"><fullname>Taiga Aisaka</fullname><source>http://0x40Hues.blogspot.com/Sources/Defaults#Taiga</source><align>center</align></image><image name="Tomoko Kuroki"><fullname>Tomoko Kuroki</fullname><source>http://0x40Hues.blogspot.com/Sources/Defaults#Tomoko</source><align>center</align></image><image name="Tsumiki Miniwa"><fullname>Tsumiki Miniwa</fullname><source>http://0x40Hues.blogspot.com/Sources/Defaults#Tsumiki</source><align>center</align></image><image name="Urotsuki"><fullname>Urotsuki</fullname><source>http://0x40Hues.blogspot.com/Sources/Defaults#Urotsuki</source><align>center</align></image><image name="Winry Rockbell"><fullname>Winry Rockbell</fullname><source>http://0x40Hues.blogspot.com/Sources/Defaults#Winry</source><align>right</align></image><image name="Yasuna Oribe"><fullname>Yasuna Oribe</fullname><source>http://0x40Hues.blogspot.com/Sources/Defaults#Yasuna</source><align>left</align></image><image name="Yin"><fullname>Yin</fullname><source>http://0x40Hues.blogspot.com/Sources/Defaults#Yin</source><align>center</align></image><image name="Yoko Littner"><fullname>Yoko Littner</fullname><source>http://0x40Hues.blogspot.com/Sources/Defaults#Yoko</source><align>center</align></image><image name="Yotsuba Koiwai"><fullname>Yotsuba Koiwai</fullname><source>http://0x40Hues.blogspot.com/Sources/Defaults#Yotsuba</source><align>center</align></image><image name="Yui Hirasawa"><fullname>Yui Hirasawa</fullname><source>http://0x40Hues.blogspot.com/Sources/Defaults#Yui</source><align>center</align></image><image name="Yukari Hinata"><fullname>Yukari Hinata</fullname><source>http://0x40Hues.blogspot.com/Sources/Defaults#Yukari</source><align>center</align></image><image name="Yuki Nagato"><fullname>Yuki Nagato</fullname><source>http://0x40Hues.blogspot.com/Sources/Defaults#Yuki</source><align>center</align></image><image name="Yuno Gasai"><fullname>Yuno Gasai</fullname><source>http://0x40Hues.blogspot.com/Sources/Defaults#Yuno</source><align>center</align></image><image name="Yuno"><fullname>Yuno</fullname><source>http://0x40Hues.blogspot.com/Sources/Defaults#Yunocchi</source><align>center</align></image><image name="Yuuko Aioi"><fullname>Yuuko Aioi</fullname><source>http://0x40Hues.blogspot.com/Sources/Defaults#Yuuko</source><align>center</align></image></images>