<?xml version="1.0"?>
<songs>
  <song name="revoltLoop">
    <title>Noah - Revolt from the Abyss</title>
    <source>https://www.youtube.com/watch?v=QBzz-yPE4mI</source>
    <rhythm>△.......x.:...o.....O...x.:.~...o...:...x.:...o.....O.:.x*******o..▼▼▼▼▼x.:...o.....O...x.:.~...o...:...x.:...:.o...O...▽▽▽▽▽▽▽|△.._.~..x.:~..o~....O~..x.:.:~..o~..:~..x.:~..o~....O.:.x*******o..!&lt;▽..x.:...o~....O...x.:.:~..o...:...x.:.*.:.o...O...▽▽▽▽▽▽▽|△...:~..x.:...o~..~.O...x.:.~...o.:.:.:.x.:.:.o~....O~..x*******o...:.:.x.:.:.o.~...O...x.:.~...o~..:.:.x.:.:.:.o~..O~..▽▽▽▽▽▽▽|o...:.:.x.*.:.:.:.*.x...x~..o...o..▼▼▼▼.o.....x.****O...x*******o..!&lt;▽..x.:...:.o.:.:.O.x.:.+...o┊*~....x.:.:.:.o...:.:.▽▽▽▽▽▽▽+</rhythm>
    <rhythm2>o...s.s.s.v.v.v.s.s.:s.s..v.v._.....................:.......:.:.....................:...............................:...x-----oxo...:...............:...............................:.......:.:.....................:...............................:...x-----oxo...................:...............................:...&gt;...&lt;.......................:...............................:...x*******←.....↓.....→.*.*.↑.:...&lt;.:......~..................:...&gt;.....-.....................................................&lt;...x*******</rhythm2>
    <buildup>revoldBuildup</buildup>
    <buildupRhythm>x.****x.****x.****x.*.*.x*******</buildupRhythm>
    <buildupRhythm2>←.....→.....←.....→.....&gt;▽▽▽▽▽▽+</buildupRhythm2>
  </song>
</songs>