<?xml version="1.0"?>
<songs>
  <song name="build_Ultra">
    <title>Ultra Instinct Theme</title>
    <source>https://www.youtube.com/watch?v=Upsm3E2NUI8</source>
    <rhythm>xoxoxoxoxoxoxoxoxoxoxoxoxoxoxoxooxoxoxoxoxoxoxoxoxoxoxoxoxoxoxo+................(.......(.......x.o.....x.o.....x.o.....x.o.....x.o.....x.o.....x.o.....x.o.x.o........................................................................</rhythm>
    <buildup>build_Ultra</buildup>
    <buildupRhythm>xoxoxoxoxoxoxoxoxoxoxoxoxoxoxoxooxoxoxoxoxoxoxoxoxoxoxoxoxoxoxo+................(.......(.......x.o.....x.o.....x.o.....x.o.....x.o.....x.o.....x.o.....x.o.x.o........................................................................</buildupRhythm>
  </song>
</songs>