<?xml version="1.0"?>
<songs>
  <song name="Shelter_loop">
    <title>Shelter</title>
    <source>https://portal.0x40.ga/song/22</source>
    <rhythm>x...x:.~O...x.:.o...x:.~o...x.:.o...x:.~O...x.:.o~..x~..o~..x~..x...x:.~O...x.:.o...x:.~o...x.:.o...x:.~O...x.:.o~..x~..o~..-~..</rhythm>
    <buildup>Shelter_build</buildup>
    <buildupRhythm>=...-:.=........=...-:.=....-.:.=...-:.=......:.=...=...=...=...=...-:.=....-.:.-...-:.=....-.:.=...-:.=....-.:.=...=...=...ox..</buildupRhythm>
  </song>
  <song name="Sound Online - The Moment Piercer_loop">
    <title>Sound Online - The Moment Piercer</title>
    <source>https://portal.0x40hu.es/song/40</source>
    <rhythm>x~..-:::*:-.-.-.x~..-:::*:-.-.-.x~..-:::*:-.-.-.o.+.O.+.o.+.O.+.x~..-:::*:-.-.-.x~..-:::*:-.-.-.x~..-:::*:-.-.-.o.+.O.+.o.+.O.+.</rhythm>
    <buildup>Sound Online - The Moment Piercer_build</buildup>
    <buildupRhythm>x~..-:::*:-.-.-.x~..-:::*:-.-.-.x~..-:::*:-.-.-.o.+.O.+.o.+.O.+.x~..-:::*:-.-.-.x~..-:::*:-.-.-.x~..-:::*:-.-.-.o.+.O.+.o.+.O.+.x~..-:::*:-.-.-.x~..-:::*:-.-.-.x~..-:::*:-.-.-.o.+.O.+.o.+.O.+.x~..-:::*:-.-.-.x~..-:::*:-.-.-.x~..-:::*:-.-.-.o.+.O.+.o.+.O.+.</buildupRhythm>
  </song>
  <song name="Vamp Alert_loop">
    <title>Vamp Alert</title>
    <source>https://portal.0x40hu.es/song/86</source>
    <rhythm>x...-...o.-...-.x...-.-.o.-.-...x...-...o.-...-.x...-.-.o.-.-...x...-...o.-...-.x...-.-.o.-.-...V...v.v.S.s...v.x.v.s...o.v...s.x...-...o.-...-.x...-.-.o.-.-...x...-...o.-...-.x...-.-.o.-.-...x...-...o.-...-.x...-.-.o.-.-...V...v.v.S.s.V.V.x.V.V.V.S.:.S.:.x...-...o.-...-.x...-.-.o.-.-...x...-...o.-...-.x...-.-.o.-.-...x...-...o.-...-.x...-.-.o.-.-...V...v.v.S.s...v.x.v.s...o.v...s.x...-...o.-...-.x...-.-.o.-.-...x...-...o.-...-.x...-.-.o.-.-...x...-...o.-...-.x...-.-.o.-.-...:.:.:.:.:.:.:.:.X...(...)......i@.......v...s.s.v...s.v...v.s..i@.......v...s.v...s.s.v...s.#..i@.......V...S.S.V...S.V.o.V.S..i@.......V...S.V.x.S.S.V.o.S.@..i@.......V...S.S.V...S.V.o.V.S..i←.....←.....←..i→.....→.....→..i@.......V...S.S.V...S.V.o.V.S..i@.......V...S.V.x.S.S.V.o.S.@..i@.......V...S.S.V...S.V.o.V.S..i←.....←.....←..i↑.↓...←.→...←..i@.......V...S.S.V...S.V.o.V.S..i@.......V...S.V.x.S.S.V.o.S.@..i@.......V...S.S.V...S.V.o.V.S..i←.....←.....←..i→.....→.....→..i@.......V...S.S.V...S.V.o.V.S..i@.......V...S.V.x.S.S.V.o.S.@..i@.......V...S.S.V...S.V.o.V.S..i←.:.:.←.:.:.←.:i(...)...(...+...</rhythm>
    <buildup>Vamp Alert_build</buildup>
    <buildupRhythm>X.......O.......X...O...X...+...</buildupRhythm>
  </song>
  <song name="Reol - Phanto(me)_loop">
    <title>Reol - Phanto(me)</title>
    <source>https://portal.0x40hu.es/song/46</source>
    <rhythm>o...=...o...=...o...=...o...=.*.o...=...o...=...o...=...o...=.*.o...=...o...=...o...=...o...=.*.o...=...o...=...o.......|.|.|.+.o...*.O.x.....o.....o...x.......o...*.O.x...:.o.....o...|.|...x.S...*.O.x.....o.....o...x...:.:.+...*.O.x.......o.:...o.x.:...:.o...=...o...=...o...=...o...=.*.o...=...o...=...o...=...o...=.*.o...=...:.:.-...o...=...:.:.-...-...:...-.-.:...o...o...o.|.|.=.</rhythm>
    <buildup>Reol - Phanto(me)_build</buildup>
    <buildupRhythm>-.:.:.~....:....-.:.:.~....:....-.:.:.~....:....-.:.:.~....+....o..x..x.x..x..x.x..x..x.x..+....o.:.:.:.~..:....|.|.|.|.o..+....o...o...o...o...o...o...o...o...o...o...o...o...o...o...o...o...o...o...o...o...o...o...o...o...o...o...o...o...|+|.|.+.|+||o+o.o...=...o...=...o...=...o...=.*.o...=...o...=...o...=.:.o~..=.:.o.:X=.X.o..Xo~..o.:X=.X.oX.Xo~..o.:X=.X.o..Xo.x.:.*.*.+.....x.~.</buildupRhythm>
  </song>
  <song name="I Remember - Tristam_loop">
    <title>I Remember - Tristam</title>
    <source>https://portal.0x40.ga/song/5</source>
    <rhythm>x.......x.-.-.-.o.-.-.-.x.-.....o.......x.-...-.-.o.-.-.-.x.-.-.-.o.......x...:...o.......x.........o...-.-.x.-.-.-.o.......x.......o.......x...-.-.-.o...-.-.x.-.....o.......x.-.-.-.o.-.-.-.x...-.-.-.o.......x...:...o.......x.......o...-.-.x...-.-.-.o.......x...-.-.o.......x.-.-.-.o.-.-.-.x...-.-...o.......x.-.-.-.o.-.-.-.x.-.-.-.o.........x...:...o.......x.......o...-.-.x.-.-.-.o.........x.......</rhythm>
    <buildup>I Remember - Tristam_build</buildup>
    <buildupRhythm>-.-.-.-.-.-.-.-.-.-.-.-.-.-.-.-.-.-.-.-.-.-.-.-.-.-.-.-.-.-.-.-.-.-.-.-.-.-.-.-.-.-.-.-.-.-.-.-.-.-.-.-.-.-.-.-.-.-.-.-.-.-.-.-.-.-.-.-.-.-.-.-.-.-.-.-.-.-.-.-.-.-.-.-.-.-.-.-.-.-.-.-.-.-.-.-.-.-.-.-.-.-.-.-.-.-.-.-.-.-.-.-.-.-.-.-.-.-.-.-.-.-.-.-.-.........-...-.-..</buildupRhythm>
  </song>
  <song name="L no Shisou_loop">
    <title>L no Shisou</title>
    <source>https://portal.0x40.ga/song/37</source>
    <rhythm>o:o:o:O:o:o:O.O.O.o:o:O:o:o:O.O.o:o:o:O:o:o:O.O.O.o:o:O:o:o:O.O.o:o:o:X:o:o:O.X.O.o:o:X:o:o:O.¤.o:o:o:X:o:o:O.X.O:o:o:X:o:o:O.¤.o-o-o-X-o-o-O:X:o:o-o-X-o-o-O:¤.o-o-o-X-o-o-O:X:o:o-o-X-o-o-O:¤.o-o-o-X-o-o-O:X:o:o-o-X-o-o-O:¤.o-o-o-X-o-o-O:X:o:o-o-X-o-o-O:¤.o-o-o-X-o-o-O:X:o:o-o-X-o-o-O:¤.o-o-o-X-o-o-O:X:o:o-o-X-o-o-O:X.</rhythm>
    <buildup>L no Shisou_build</buildup>
    <buildupRhythm>**..**..**..-*..**..**..**..-*..o-..**..o-..-*..o*..**..o*..-*..o-..**.:o-..-*..o*..**..o*..-*..o-::--.:o-::**.:o-::--.:o*..--.:o-::--.:o-::--.:o-::--.:o-..--.:o-::--.:o-::--.:o-..--.:o-..--¤:o-::--.:o-::--.:o-..--.:o-..--¤:</buildupRhythm>
  </song>
  <song name="Monstaz - Popcorn Funk_loop">
    <title>Monstaz. - Popcorn Funk</title>
    <source>https://portal.0x40.ga/song/36</source>
    <rhythm>o...:...o...:...o...:...o...:...o...:...o...:...o...:...o...:...o...:...o...:...o...:...o...:...o...:...o...:...o.x.x.x.x...|.|.o...:...o...:...o...:...o...:...o...:...o...:...o...:...o...:...o...:...o...:...o...:...o...:...o~..............:.:...:.:...:.:.o.......o.......o.:...:.o...:.:.o.......o.......o.:...:.o...:.:.o.......o.......o.:...:.o...:.:.o.......o.......o.:...:.x...x.x.o.......o.......o.:...:.o...:.:.o.......o.......o.:...:.o...:.:.o.......o.......o.:...:.o...:.:.o.......o.......o.:...:.o...x.x.</rhythm>
    <buildup>Monstaz - Popcorn Funk_build</buildup>
    <buildupRhythm>o.......x.......o.......x.......o.......x.......o.......x.......o.......x.......o.......x.......o.......x.......o.......x...:...o.......x.......o.......x.......o.......x.......o.......x...:...x.|.|.|.|.|.|.|.|.|.|.|.|.|.|.|.|.|.|.|.|.|.|.|.|.|X|.|.|.|.|.|.</buildupRhythm>
  </song>
  <song name="Nhato - Magic_loop">
    <title>Nhato - Magic</title>
    <source>https://portal.0x40.ga/song/3</source>
    <rhythm>o:::x...o..Ox:::o..Ox***o..Oxs..o...S.--o.IIx:::o**.x:::o:::x:::o:::x**.o.-Ox-X.o.-Ox-X.o.::x::.o**.x...o:::x:::o¤.:¤.:¤.:¤.:+..o-::x...o..Ox:::o..Ox***o..Ox---¤...S.--o.IIx:::o**.x:::o:::x:::o:::S...o.-Ox-X.o.-Ox-X.o.::x:-.o¤..x¤..o¤..x¤..o¤.-¤.-¤....-s..o:::s.**o*:.x:::o:.:x.**o:.:x:-.o:::x...o-..x.-.o:s:xs::S...S...o:::S.-.o*..x:::o:.:x...o:.:x...o:::x***o--:x-.-o:-:x:-:-:-:-:-:o...x...o..Ox...o..Ox***o..Ox---¤...S.--o.IIx:::o**.x:::o:::x:::o:::S...o.-Ox-X.o.-Ox-X.o.::x:-.o¤..x¤..o¤..x¤..o¤.-¤.-¤....-+..</rhythm>
    <buildup>Nhato - Magic_build</buildup>
    <buildupRhythm>..-...:...:...:...:...:...:...:...:...:...:...:...:...:...:...:...-...:...:...:...:...:...:...:...:...:...:...:...:...:...:...:...-...:...:...:...:...:...:...:...:...:...:...:...:...:...:...:...-...:...:...:...:...:...:...:...:...:...:...:...:...:...:...:.o.:.o.:.o.:.o.:.o.:.o.:.o.:.o.:.o.:.o.:.o.:.o.:.o.:.o.:.o.:.o.:.o.:.o.:.o.:.o.:.o.:.o.:.o.:.o.:.o.:.o.:.o.:.o.:.o.:.o.:.o.:.¤...o.:.o.:.o.:.o.:.o.:.o.:.o.:.o.:.o.:.o.:.o.:.o.:.o.:.o.:.o.:.o.:.o.:.o.:.o.:.o.:.o.:.o.:.o.:.o.:.o.:.o.:.o.:.o.:.o.:.o.:.o.:.o.:.x.:.x.:.o.:.x.:.o.:.x.:.o.:.x.:.o.:.x.:.o.:.x.:.o.:.x.:.o.:.x.:.o.:.x.:.o.:.x.:.o.:.x.:.o.:.x.:.o.:.x.:.o.:.x.:.o.:.x.:.o.:.x.:.x.::x.::o.::x.::o.::x.::o.::x.::x.::x.::o.::x.::o.::x.::o.::x.::x.::x.::o.::x.::o.::x.::o.::x.::x.::x.::o.::x.::o.-:x.-:o.-:¤.-.x:::x:::o:::x:::o:::x:::o:::x:::x:::x:::x:::x:::x:::x:::x:::x:::x:::x:::x:::x:::x:::x:::x:::x:::x:::x:::x:::x:::x:-:x:-:x:-:x:-:x:::x:::x::-x---x:::x:::x::-x---x:::x:::x::-x---x:::x:::x::-x---x:::x:::x::-x---x:::x:::x::-x---x:::x:::x::-x---=.:...:.SISIS...</buildupRhythm>
  </song>
  <song name="Night of Nights_loop">
    <title>Night of Nights</title>
    <source>https://portal.0x40.ga/song/8</source>
    <rhythm>x:-.o--.o:-.o---o:-.o---o:-:i.I.x:-.o--.o:-.o---o:-.o---O:-:i.i.x:-.o--.o:-.o.-.o:-.o---o:-:i.i.x:--o.-.x:--o.-.x:||x|.|=.~.~.~.x:-.o--.o:-.o---o:-.o---o:-:i.I.x:-.o--.o:-.o---I:-.I---I:-:i.-.x:-.o--.o:-.o---x:-.o---o:ssI.i.x:--o.-.x:SSo.-.x:-.x.-.x:-:x~..</rhythm>
    <buildup>Night of Nights_build</buildup>
    <buildupRhythm>o.-.--:-:-:-----:--.--:-:-:-x.+|o.-.--:-:-:-----:--.--:-:-:-x.+|o.-.--:-:-:-x---o--.--:-:-:-x.+|o.-.--:-o-:-----o--.o-:-o-oox-+|o.-.o-:-o-:-o---o--.o-:-o-oox.+|o.-.o-:-o-:-o---o--.o-:-o-oox.+|o.-.o-:-o-:-x---o--.o-:-o-oox.+|o.-.o-:-o-:-o---x--.x-:-o-xoIIII</buildupRhythm>
  </song>
</songs>