<?xml version="1.0"?>
<songs>
  <song name="loop_popcorn">
    <title>Monstaz. - Popcorn Funk</title>
    <source>https://www.youtube.com/watch?v=cJi0x1Dz00I</source>
    <rhythm>o...:...x...:...o...:...x...:.→.←._.:...x...:...o.....:.x...:...o...:...x...:...o...:...x...:.↑.↓._.:...x...:...o.*...*...*.||||o...:...x...:...o...:...x...:.←.→._.:...x...:...o...:...x...:...o...:...x...:...o...:...x...:.↓.↑._.*...*...*...:.:...:...:.:...o.......x...:...o.:...:.x...:...o.......x...:...o.:...:.x.:.:...o.......x...:...o.:...:.x...:...o.......x...:...o.*...*...*.||||o.......x...:...o.:...:.x...:...o.......x...:...o.:...:.x.:.:...o.......x...:...o.:...:.x...:...o.......x...:...o.*...*...*.||||</rhythm>
    <buildup>build_popcorn</buildup>
    <buildupRhythm>o.......x.......o.......x.......o.......x.......o.......x.......o.......x.......o.......x.......o.......x.......o.......x...*...o.......x.......o.......x.......o.......x.......o.......x...*...o.-.-.-.x.-.-.-.o.-.-.-.x.-.-.-.o.-.-.-.x.-.-.-.|||.-.-.x.-.-.-.</buildupRhythm>
  </song>
  <song name="LittleTooClose_loop">
    <title>WRLD - Little Too Close (feat. Veronika Redd)</title>
    <source>https://youtu.be/4bt4K1wXXxs</source>
    <rhythm>o.~...:.x.......O.-...:.x.:.+...o.-...:.x...~...O.-...:.x.~...+.o.~...:.x.......O.-.....x.:.+...o.-...:.x...~...O.-...:.x.......o.~...:.x.......O.-...:.x.:.+...o.-...:.x...~...O.-...:.x.~...+.o.~...:.x.......O.-...:.x.:.+...(.~.....+...(.~.....+.|||.*.*.*.o.~...:.x.......O.-...:.x.:.+...o.-...:.x...~...O.-...:.x.~...+.o.~...:.x.......O.-...:.x.:.+...o.-...:.x...~...O.-...:.x.......o.~...:.x.......O.-...:.x.*.¤...o.-...:.x...~...O.-...:.x.~...¤.o.~...:.x.......O.-...:.x.*.¤...(.~.....¤...(.~.....¤...x.*.*.*.</rhythm>
    <rhythm2>¯...........ssss.............¯..............ssss................¯...........ssss.............¯..............ssss........sssss..._...........ssss.............¯..............ssss................¯...........ssss.............¯..sss.........ssss.....¯..X.X.X.X.............ssss.............¯..............ssss................¯...........ssss.............¯..............ssss........sssss...i...........ssss.............¯..............ssss................¯...........ssss.............¯..sss.........ssss.....¯..i.X.X.X.</rhythm2>
    <rhythm3>▲..._.......~....._.........................~....._.............▲..._.......~....._...:.....................▲.._........~.......▲..._.......~....._.........................~....._.............▲..._.......~....._.............▲.._........~....._.............▲..._.......~....._.........................~....._.............▲..._.......~....._.........................▲.._................△...._......~....._.........................~....._.............△...._......~....._.............△.._........~....._.............</rhythm3>
    <buildup>LittleTooClose_build</buildup>
    <buildupRhythm>(i..........I.i▽............I.i.I.i.........I.i.................I.i.........I.i.............I.i.I.i.........I.i.................I.i.........I.i.............I.i.I.i.........I.i.................I.i.........I.i.............I.i.I.i.........I.i.........*.*.*.*.I.i...*.....I.i...*...*.*.*.I.i.***...*.....I.i...*...*.*.......I.i...*.....I.i...*...*.*.*.I.i.***...*.....I.i...*...*.*.......I.i...*.....I.i...*...*.*.*.I.i.***...*.....I.i...*...*.*.......I.i...*.....I.i...*...*.*.*.I.i.***...*.....I.i.~.......x.i.:.¤.</buildupRhythm>
    <buildupRhythm2>..▽.........¯.#.............¯._....▽........¯..▽................¯..▽........¯..▽............¯._....▽........¯..▽................¯..▽........¯..▽............¯._....▽........¯..▽................¯..▽........¯..▽............¯._.¯..▽........¯..▽........¯._..............................................................▽......¯...._...................................................▽......¯...._...................................................▽......¯...._..........................................▼▽.._...¯.......</buildupRhythm2>
    <buildupRhythm3>................................................................................................................................................................................................................................................................................................................................................................................................................................................................................................................................</buildupRhythm3>
    <independentBuild>true</independentBuild>
  </song>
  <song name="FLOWER_loop">
    <title>DJ YOSHITAKA - FLOWER</title>
    <source>https://www.youtube.com/watch?v=o01XJJb2sRI</source>
    <rhythm>o...:.:.o.:.:.:.o.:...:.o.:.:.:.o...:.:.o.:.:.:.o.:.:.:.o.:.:.:.o...:.:.o.:.:.:.o.:...:.o.:.:.:.o...:.:.o.:.:.:.o.:.:.:.o.:.:.:.o...:.:.o.:.:.:.o.:...:.o.:.:.:.o...:.:.o.:.:.:.o.:.:.:.o.:.:.:.o...:.:.o.:.:.:.o.:...:.o.:.:.:.o...:.:.o.:.:.:.o.:.:.:.o.:.:.:.o...:.:.o.:.:.:.o.:...:.o.:.:.:.o...:.:.o.:.:.:.o.:.:.:.o.:.:.:.o...:.:.o.:.:.:.o.:...:.o.:.:.:.o...:.:.o.:.:.:.o.:.:.:.o.:.:.:.o...:.:.o.:.:.:.o.:...:.o.:.:.:.o...:.:.o.:.:.:.o.:.:.:.o.:.:.:.o...:.:.o.:.:.:.o.:...:.o.:.:.:.o...:.:...:.:...o...o...o...o...I.....o.....o.....o.....o...o...I.-.-...I...o.o.IoooooooS.......I.....o.....o.....o.....o...o...I...x.x.o...x...xxx.:.o...x.o...I.....o.....o.....o.....o...o...I...-...I...o...IoooooooS.......I.....o.....o.....o.....o...o...I.....=.....=.....=.....I~.....i</rhythm>
    <buildup>FLOWER_build</buildup>
    <buildupRhythm>o.......x.......x...o...x...o...x...x.......x...oooooooo+.......o...:...x~..x...x...x...x...oooo=...........~...........s.......-...-...-...=.......-...-...=.......-...-...=.......-...-...=.......-...-...=.......-...-...=.......-...-...=.......-...-...-...-...-...-...=.......-...-...=.......-...-...=.......-...-...=...-...-...-...=.......=...=...=.......=.......=...ooooooooooooooooo...-...:.-.:...-...:.-.:...-...-...-...:.-.:...-...:.-.:...-...-...-...:.-.:...-...:.-.:...-...-...-...:.-.:...-...:.-.:...-...-...-...:.-.:...-...:.-.:...-...-...-...:.-.:...-...:.-.:...-...-...-...:.-.:...-...:.-.:...-...-...-...:.-.:...-...:.-.:...-...o...-.-.X.-.-...o.-...-.x...-...o...-.-.X.-.-...o.-...-.x...-...o...-.-.X.-.-...o.-...-.x...-...o...-.-.X.-.-...o.-...-.x...-...o...-.-.X.-.-...o.-...-.x...-...o...-.-.X.-.-...o.-...-.x...-...o...-.-.X.-.-...o.-...-.x...-...o...-.-.X.-.-...o.-.-.-.-.-.-.-.o...-.-.X.-.-...o.-...-.x...-...o...-.-.X.-.-...o.-...-.x...-...o...-.-.X.-.-...o.-...-.x...-...o...-.-.X.-.-...o.-...-.x...-...o...o.-.O.-.o...o...o.-.O.-.o...o...o.-.O.-.o...o...o.-.O.-.o...o.o.o.o.o.o.o.o.o.o.o.I.S.......I..+..o..+..o..+..o..+..o+.o+...</buildupRhythm>
  </song>
</songs>