<?xml version="1.0" encoding="utf-8"?>
<images><image name="Airi Akizuki"><fullname>Airi Akizuki</fullname><source>http://0x40Hues.blogspot.com/Sources/Defaults#Megumi</source><align>center</align></image><image name="Agiri Goshiki"><fullname>Agiri Goshiki</fullname><source>http://0x40Hues.blogspot.com/Sources/Defaults#Agiri</source><align>center</align></image><image name="Ai Enma"><fullname>Ai Enma</fullname><source>http://0x40Hues.blogspot.com/Sources/Defaults#Ai</source><align>left</align></image><image name="Akari Akaza"><fullname>Akari Akaza</fullname><source>http://0x40Hues.blogspot.com/Sources/Defaults#Akarin</source><align>center</align></image><image name="Akatsuki"><fullname>Akatsuki</fullname><source>http://0x40Hues.blogspot.com/Sources/Defaults#Akatsuki</source><align>center</align></image><image name="Alice Margatroid"><fullname>Alice Margatroid</fullname><source>http://0x40Hues.blogspot.com/Sources/Defaults#Alice</source><align>center</align></image><image name="Astraea"><fullname>Astraea</fullname><source>http://0x40Hues.blogspot.com/Sources/Defaults#Astraea</source><align>right</align></image><image name="Asuha Touhara"><fullname>Asuha Touhara</fullname><source>http://0x40Hues.blogspot.com/Sources/Defaults#Asuha</source><align>center</align></image><image name="Asuka Langley Soryu"><fullname>Asuka Langley Soryu</fullname><source>http://0x40Hues.blogspot.com/Sources/Defaults#Asuka</source><align>center</align></image><image name="Ayase Aragaki"><fullname>Ayase Aragaki</fullname><source>http://0x40Hues.blogspot.com/Sources/Defaults#Ayase</source><align>center</align></image><image name="CC"><fullname>C.C.</fullname><source>http://0x40Hues.blogspot.com/Sources/Defaults#CC</source><align>right</align></image><image name="Chika Itou"><fullname>Chika Itou</fullname><source>http://0x40Hues.blogspot.com/Sources/Defaults#Chika</source><align>center</align></image><image name="Eru Chitanda"><fullname>Eru Chitanda</fullname><source>http://0x40Hues.blogspot.com/Sources/Defaults#Chitanda</source><align>center</align></image><image name="Chiyo Mihama"><fullname>Chiyo Mihama</fullname><source>http://0x40Hues.blogspot.com/Sources/Defaults#Chiyo</source><align>center</align></image><image name="Cirno"><fullname>Cirno</fullname><source>http://0x40Hues.blogspot.com/Sources/Defaults#Cirno</source><align>center</align></image><image name="Kneesocks Demon Scanty Demon"><fullname>Kneesocks Demon, Scanty Demon</fullname><source>http://0x40Hues.blogspot.com/Sources/Defaults#Demon_Sisters</source><align>center</align></image><image name="Emi Ibarazaki"><fullname>Emi Ibarazaki</fullname><source>http://0x40Hues.blogspot.com/Sources/Defaults#Emi</source><align>center</align></image><image name="Etna"><fullname>Etna</fullname><source>http://0x40Hues.blogspot.com/Sources/Defaults#Etna</source><align>center</align></image><image name="Eureka"><fullname>Eureka</fullname><source>http://0x40Hues.blogspot.com/Sources/Defaults#Eureka</source><align>center</align></image><image name="Excel"><fullname>Excel</fullname><source>http://0x40Hues.blogspot.com/Sources/Defaults#Excel</source><align>right</align></image><image name="Faye Valentine"><fullname>Faye Valentine</fullname><source>http://0x40Hues.blogspot.com/Sources/Defaults#Faye</source><align>right</align></image><image name="Felli Loss"><fullname>Felli Loss</fullname><source>http://0x40Hues.blogspot.com/Sources/Defaults#Felli</source><align>center</align></image><image name="Flandre Scarlet"><fullname>Flandre Scarlet</fullname><source>http://0x40Hues.blogspot.com/Sources/Defaults#Flandre</source><align>center</align></image><image name="Fran Madaraki"><fullname>Fran Madaraki</fullname><source>http://0x40Hues.blogspot.com/Sources/Defaults#Fran</source><align>center</align></image><image name="Fuu Kasumi"><fullname>Fuu Kasumi</fullname><source>http://0x40Hues.blogspot.com/Sources/Defaults#Fuu</source><align>left</align></image><image name="Galil AR"><fullname>Galil AR</fullname><source>http://0x40Hues.blogspot.com/Sources/Defaults#Galil</source><align>center</align></image><image name="Hajime Ichinose"><fullname>Hajime Ichinose</fullname><source>http://0x40Hues.blogspot.com/Sources/Defaults#Hajime_Ichinose</source><align>center</align></image><image name="Hakase Shinonome"><fullname>Hakase Shinonome</fullname><source>http://0x40Hues.blogspot.com/Sources/Defaults#Hakase</source><align>center</align></image><image name="Hanako Ikezawa"><fullname>Hanako Ikezawa</fullname><source>http://0x40Hues.blogspot.com/Sources/Defaults#Hanako</source><align>center</align></image><image name="Haruhi Suzumiya"><fullname>Haruhi Suzumiya</fullname><source>http://0x40Hues.blogspot.com/Sources/Defaults#Haruhi</source><align>right</align></image><image name="Haruhi Fujioka"><fullname>Haruhi Fujioka</fullname><source>http://0x40Hues.blogspot.com/Sources/Defaults#Haruhi_Fujioka</source><align>center</align></image><image name="Haruko Haruhara"><fullname>Haruko Haruhara</fullname><source>http://0x40Hues.blogspot.com/Sources/Defaults#Haruko</source><align>left</align></image><image name="Hitoha Marui"><fullname>Hitoha Marui</fullname><source>http://0x40Hues.blogspot.com/Sources/Defaults#Hitoha</source><align>center</align></image><image name="Holo Wisewolf of Yoitsu"><fullname>Holo "Wisewolf of Yoitsu"</fullname><source>http://0x40Hues.blogspot.com/Sources/Defaults#Holo</source><align>right</align></image><image name="Homura Akemi"><fullname>Homura Akemi</fullname><source>http://0x40Hues.blogspot.com/Sources/Defaults#Homura</source><align>center</align></image><image name="Hyatt"><fullname>Hyatt</fullname><source>http://0x40Hues.blogspot.com/Sources/Defaults#Hyatt</source><align>right</align></image><image name="Mayaka Ibara"><fullname>Mayaka Ibara</fullname><source>http://0x40Hues.blogspot.com/Sources/Defaults#Ibara</source><align>center</align></image><image name="Ika Musume"><fullname>Ika Musume</fullname><source>http://0x40Hues.blogspot.com/Sources/Defaults#Ika</source><align>left</align></image><image name="Kagami Hiiragi"><fullname>Kagami Hiiragi</fullname><source>http://0x40Hues.blogspot.com/Sources/Defaults#Kagami</source><align>center</align></image><image name="Kanade Tachibana"><fullname>Kanade Tachibana</fullname><source>http://0x40Hues.blogspot.com/Sources/Defaults#Kanade</source><align>right</align></image><image name="Yuuko Kanoe"><fullname>Yuuko Kanoe</fullname><source>http://0x40Hues.blogspot.com/Sources/Defaults#Kanoe</source><align>right</align></image><image name="Kaori"><fullname>Kaori</fullname><source>http://0x40Hues.blogspot.com/Sources/Defaults#Kaori</source><align>left</align></image><image name="Karen Kujou"><fullname>Karen Kujou</fullname><source>http://0x40Hues.blogspot.com/Sources/Defaults#Karen</source><align>center</align></image><image name="You Kasukabe"><fullname>You Kasukabe</fullname><source>http://0x40Hues.blogspot.com/Sources/Defaults#Kasukabe</source><align>center</align></image><image name="Kate"><fullname>Kate</fullname><source>http://0x40Hues.blogspot.com/Sources/Defaults#Kate</source><align>center</align></image><image name="Kirino Kousaka"><fullname>Kirino Kousaka</fullname><source>http://0x40Hues.blogspot.com/Sources/Defaults#Kirino</source><align>right</align></image><image name="Kirisame Marisa"><fullname>Kirisame Marisa</fullname><source>http://0x40Hues.blogspot.com/Sources/Defaults#Kirisame_Marisa</source><align>right</align></image><image name="Konata Izumi"><fullname>Konata Izumi</fullname><source>http://0x40Hues.blogspot.com/Sources/Defaults#Konata</source><align>right</align></image><image name="Kurisu Makise"><fullname>Kurisu Makise</fullname><source>http://0x40Hues.blogspot.com/Sources/Defaults#Kurisu</source><align>center</align></image><image name="Kuroko Shirai"><fullname>Kuroko Shirai</fullname><source>http://0x40Hues.blogspot.com/Sources/Defaults#Kuroko</source><align>right</align></image><image name="Kyouka Midarezaki"><fullname>Kyouka Midarezaki</fullname><source>http://0x40Hues.blogspot.com/Sources/Defaults#Kyouka</source><align>right</align></image><image name="Kyouko Sakura"><fullname>Kyouko Sakura</fullname><source>http://0x40Hues.blogspot.com/Sources/Defaults#Kyouko_Sakura</source><align>center</align></image><image name="Kyouko Toshinou"><fullname>Kyouko Toshinou</fullname><source>http://0x40Hues.blogspot.com/Sources/Defaults#Kyouko_Toshinou</source><align>center</align></image><image name="Lain Iwakura_"><fullname>Lain Iwakura</fullname><source>http://0x40Hues.blogspot.com/Sources/Defaults#Lain</source><align>left</align><frameDuration>83,83,83,83,83,83,83,83,83,83,83,83,83,83,83,83,83,83</frameDuration></image><image name="Lala-Ru"><fullname>Lala-Ru</fullname><source>http://0x40Hues.blogspot.com/Sources/Defaults#Lala-Ru</source><align>center</align></image><image name="Lilly Satou"><fullname>Lilly Satou</fullname><source>http://0x40Hues.blogspot.com/Sources/Defaults#Lilly</source><align>center</align></image><image name="Louise Franoise Le Blanc de La Vallire"><fullname>Louise Françoise Le Blanc de La Vallière</fullname><source>http://0x40Hues.blogspot.com/Sources/Defaults#Louiseouise</source><align>center</align></image><image name="Francesca Lucchini"><fullname>Francesca Lucchini</fullname><source>http://0x40Hues.blogspot.com/Sources/Defaults#Lucchini</source><align>left</align></image><image name="Lucy"><fullname>Lucy</fullname><source>http://0x40Hues.blogspot.com/Sources/Defaults#Lucy</source><align>left</align></image><image name="Madotsuki"><fullname>Madotsuki</fullname><source>http://0x40Hues.blogspot.com/Sources/Defaults#Madotsuki</source><align>center</align></image><image name="Mai Minakami"><fullname>Mai Minakami</fullname><source>http://0x40Hues.blogspot.com/Sources/Defaults#Mai</source><align>right</align></image><image name="Maka Albarn"><fullname>Maka Albarn</fullname><source>http://0x40Hues.blogspot.com/Sources/Defaults#Maka</source><align>right</align></image><image name="Makina Sakamaki"><fullname>Makina Sakamaki</fullname><source>http://0x40Hues.blogspot.com/Sources/Defaults#Makimaki</source><align>center</align></image><image name="Makoto Kikuchi"><fullname>Makoto Kikuchi</fullname><source>http://0x40Hues.blogspot.com/Sources/Defaults#Makoto</source><align>center</align></image><image name="Mami Tomoe"><fullname>Mami Tomoe</fullname><source>http://0x40Hues.blogspot.com/Sources/Defaults#Mami</source><align>right</align></image><image name="Mao Amatsuka"><fullname>Mao Amatsuka</fullname><source>http://0x40Hues.blogspot.com/Sources/Defaults#Mao</source><align>center</align></image><image name="Mary"><fullname>Mary</fullname><source>http://0x40Hues.blogspot.com/Sources/Defaults#Mary</source><align>right</align></image><image name="Mashiro Mitsumine"><fullname>Mashiro Mitsumine</fullname><source>http://0x40Hues.blogspot.com/Sources/Defaults#Mashiro</source><align>center</align></image><image name="Mayoi Hachikuji"><fullname>Mayoi Hachikuji</fullname><source>http://0x40Hues.blogspot.com/Sources/Defaults#Mayoi</source><align>left</align></image><image name="Mayuri Shiina"><fullname>Mayuri Shiina</fullname><source>http://0x40Hues.blogspot.com/Sources/Defaults#Mayuri</source><align>center</align></image><image name="Melfina"><fullname>Melfina</fullname><source>http://0x40Hues.blogspot.com/Sources/Defaults#Melfina</source><align>left</align></image><image name="Mey-Rin"><fullname>Mey-Rin</fullname><source>http://0x40Hues.blogspot.com/Sources/Defaults#Mey-Rin</source><align>left</align></image><image name="Miho Nishizumi"><fullname>Miho Nishizumi</fullname><source>http://0x40Hues.blogspot.com/Sources/Defaults#Miho</source><align>center</align></image><image name="Miku Hatsune"><fullname>Miku Hatsune</fullname><source>http://0x40Hues.blogspot.com/Sources/Defaults#Miku</source><align>right</align></image><image name="Mio Akiyama"><fullname>Mio Akiyama</fullname><source>http://0x40Hues.blogspot.com/Sources/Defaults#Mio</source><align>right</align></image><image name="Mio Naganohara"><fullname>Mio Naganohara</fullname><source>http://0x40Hues.blogspot.com/Sources/Defaults#Mio_Naganohara</source><align>right</align></image><image name="Mirai Kuriyama"><fullname>Mirai Kuriyama</fullname><source>http://0x40Hues.blogspot.com/Sources/Defaults#Mirai</source><align>center</align></image><image name="Mikoto Misaka"><fullname>Mikoto Misaka</fullname><source>http://0x40Hues.blogspot.com/Sources/Defaults#Misaka</source><align>left</align></image><image name="Misaki Nakahara"><fullname>Misaki Nakahara</fullname><source>http://0x40Hues.blogspot.com/Sources/Defaults#Misaki</source><align>center</align></image><image name="Miu Matsuoka"><fullname>Miu Matsuoka</fullname><source>http://0x40Hues.blogspot.com/Sources/Defaults#Miu</source><align>center</align></image><image name="Miyako"><fullname>Miyako</fullname><source>http://0x40Hues.blogspot.com/Sources/Defaults#Miyako</source><align>center</align></image><image name="Mizuki Himeji"><fullname>Mizuki Himeji</fullname><source>http://0x40Hues.blogspot.com/Sources/Defaults#Mizuki</source><align>center</align></image><image name="Momo Belia Deviluke"><fullname>Momo Belia Deviluke</fullname><source>http://0x40Hues.blogspot.com/Sources/Defaults#Momo</source><align>center</align></image><image name="Monoko"><fullname>Monoko</fullname><source>http://0x40Hues.blogspot.com/Sources/Defaults#Monoko</source><align>left</align></image><image name="Morgiana"><fullname>Morgiana</fullname><source>http://0x40Hues.blogspot.com/Sources/Defaults#Morgiana</source><align>left</align></image><image name="Motoko Major Kusanagi"><fullname>Motoko "Major" Kusanagi</fullname><source>http://0x40Hues.blogspot.com/Sources/Defaults#Motoko</source><align>right</align></image><image name="Nano Shinonome"><fullname>Nano Shinonome</fullname><source>http://0x40Hues.blogspot.com/Sources/Defaults#Nano</source><align>center</align></image><image name="Iroe Genma"><fullname>Iroe Genma</fullname><source>http://0x40Hues.blogspot.com/Sources/Defaults#Nee-san</source><align>center</align></image><image name="Nol Kannagi"><fullname>Noël Kannagi</fullname><source>http://0x40Hues.blogspot.com/Sources/Defaults#Noel</source><align>center</align></image><image name="Nymph"><fullname>Nymph</fullname><source>http://0x40Hues.blogspot.com/Sources/Defaults#Nymph</source><align>center</align></image><image name="Onihime"><fullname>Onihime</fullname><source>https://0x40hues.blogspot.com/p/0x40-hues-default-sources.html#Onihime</source><align>center</align></image><image name="Ayumu Osaka Kasuga"><fullname>Ayumu "Osaka" Kasuga</fullname><source>http://0x40Hues.blogspot.com/Sources/Defaults#Osaka</source><align>center</align></image><image name="Popura Taneshima"><fullname>Popura Taneshima</fullname><source>http://0x40Hues.blogspot.com/Sources/Defaults#Popura</source><align>center</align></image><image name="Rei Ayanami"><fullname>Rei Ayanami</fullname><source>http://0x40Hues.blogspot.com/Sources/Defaults#Rei</source><align>center</align></image><image name="Renge Miyauchi"><fullname>Renge Miyauchi</fullname><source>http://0x40Hues.blogspot.com/Sources/Defaults#Renge</source><align>center</align></image><image name="Rika Furude"><fullname>Rika Furude</fullname><source>http://0x40Hues.blogspot.com/Sources/Defaults#Rika</source><align>left</align></image><image name="Rikka Takanashi"><fullname>Rikka Takanashi</fullname><source>http://0x40Hues.blogspot.com/Sources/Defaults#Rikka</source><align>center</align></image><image name="Rin Tohsaka"><fullname>Rin Tohsaka</fullname><source>http://0x40Hues.blogspot.com/Sources/Defaults#Rin</source><align>center</align></image><image name="Rin Tezuka"><fullname>Rin Tezuka</fullname><source>http://0x40Hues.blogspot.com/Sources/Defaults#Rin_Tezuka</source><align>center</align></image><image name="Ritsu Tainaka"><fullname>Ritsu Tainaka</fullname><source>http://0x40Hues.blogspot.com/Sources/Defaults#Ritsu</source><align>center</align></image><image name="Ruri Gokou"><fullname>Ruri Gokou</fullname><source>http://0x40Hues.blogspot.com/Sources/Defaults#Ruri</source><align>center</align></image><image name="Ryuuko Matoi"><fullname>Ryuuko Matoi</fullname><source>http://0x40Hues.blogspot.com/Sources/Defaults#Ryuuko</source><align>right</align></image><image name="SAKO RK95"><fullname>SAKO RK95</fullname><source>http://0x40Hues.blogspot.com/Sources/Defaults#Sako</source><align>right</align></image><image name="Sakura Kinomoto"><fullname>Sakura Kinomoto</fullname><source>http://0x40Hues.blogspot.com/Sources/Defaults#Sakura</source><align>center</align></image><image name="Sakurako Ohmuro"><fullname>Sakurako Ohmuro</fullname><source>http://0x40Hues.blogspot.com/Sources/Defaults#Sakurako</source><align>center</align></image><image name="Sanae Dekomori"><fullname>Sanae Dekomori</fullname><source>http://0x40Hues.blogspot.com/Sources/Defaults#Sanae</source><align>left</align></image><image name="Hitagi Senjougahara"><fullname>Hitagi Senjougahara</fullname><source>http://0x40Hues.blogspot.com/Sources/Defaults#Senjougahara</source><align>right</align></image><image name="Mashiro Shiina"><fullname>Mashiro Shiina</fullname><source>http://0x40Hues.blogspot.com/Sources/Defaults#Shiina</source><align>center</align></image><image name="Shinobu Oshino"><fullname>Shinobu Oshino</fullname><source>http://0x40Hues.blogspot.com/Sources/Defaults#Shinobu</source><align>center</align></image><image name="Sonya"><fullname>Sonya</fullname><source>http://0x40Hues.blogspot.com/Sources/Defaults#Sonya</source><align>center</align></image><image name="Stocking Anarchy"><fullname>Stocking Anarchy</fullname><source>http://0x40Hues.blogspot.com/Sources/Defaults#Stocking</source><align>center</align></image><image name="Suiseiseki"><fullname>Suiseiseki</fullname><source>http://0x40Hues.blogspot.com/Sources/Defaults#Suiseiseki</source><align>left</align></image><image name="Taiga Aisaka"><fullname>Taiga Aisaka</fullname><source>http://0x40Hues.blogspot.com/Sources/Defaults#Taiga</source><align>center</align></image><image name="Tomoko Kuroki"><fullname>Tomoko Kuroki</fullname><source>http://0x40Hues.blogspot.com/Sources/Defaults#Tomoko</source><align>center</align></image><image name="Tsumiki Miniwa"><fullname>Tsumiki Miniwa</fullname><source>http://0x40Hues.blogspot.com/Sources/Defaults#Tsumiki</source><align>center</align></image><image name="Urotsuki"><fullname>Urotsuki</fullname><source>http://0x40Hues.blogspot.com/Sources/Defaults#Urotsuki</source><align>center</align></image><image name="Winry Rockbell"><fullname>Winry Rockbell</fullname><source>http://0x40Hues.blogspot.com/Sources/Defaults#Winry</source><align>right</align></image><image name="Yasuna Oribe"><fullname>Yasuna Oribe</fullname><source>http://0x40Hues.blogspot.com/Sources/Defaults#Yasuna</source><align>left</align></image><image name="Yin"><fullname>Yin</fullname><source>http://0x40Hues.blogspot.com/Sources/Defaults#Yin</source><align>center</align></image><image name="Yoko Littner"><fullname>Yoko Littner</fullname><source>http://0x40Hues.blogspot.com/Sources/Defaults#Yoko</source><align>center</align></image><image name="Yotsuba Koiwai"><fullname>Yotsuba Koiwai</fullname><source>http://0x40Hues.blogspot.com/Sources/Defaults#Yotsuba</source><align>center</align></image><image name="Yui Hirasawa"><fullname>Yui Hirasawa</fullname><source>http://0x40Hues.blogspot.com/Sources/Defaults#Yui</source><align>center</align></image><image name="Yukari Hinata"><fullname>Yukari Hinata</fullname><source>http://0x40Hues.blogspot.com/Sources/Defaults#Yukari</source><align>center</align></image><image name="Yuki Nagato"><fullname>Yuki Nagato</fullname><source>http://0x40Hues.blogspot.com/Sources/Defaults#Yuki</source><align>center</align></image><image name="Yuno Gasai"><fullname>Yuno Gasai</fullname><source>http://0x40Hues.blogspot.com/Sources/Defaults#Yuno</source><align>center</align></image><image name="Yuno"><fullname>Yuno</fullname><source>http://0x40Hues.blogspot.com/Sources/Defaults#Yunocchi</source><align>center</align></image><image name="Yuuko Aioi"><fullname>Yuuko Aioi</fullname><source>http://0x40Hues.blogspot.com/Sources/Defaults#Yuuko</source><align>center</align></image>
  <image name="Ai Nanasaki">
    <source>http://myanimelist.net/character/32395/Ai_Nanasaki</source>
    <fullname>Ai Nanasaki</fullname>
    <align>center</align>
  </image>
  <image name="Ana">
    <source>http://myanimelist.net/character/574/Ana_Coppola</source>
    <fullname>Ana Coppola</fullname>
    <align>center</align>
  </image>
  <image name="Anise">
    <source>http://myanimelist.net/character/5112/Anise_Tatlin</source>
    <fullname>Anise Tatlin</fullname>
    <align>center</align>
  </image>
  <image name="Aria">
    <source>http://myanimelist.net/character/30046/Aria_Holmes_Kanzaki</source>
    <fullname>Aria Kanzaki</fullname>
    <align>center</align>
  </image>
  <image name="Asuna">
    <source>http://myanimelist.net/character/36828/Asuna_Yuuki</source>
    <fullname>Asuna Yuuki</fullname>
    <align>right</align>
  </image>
  <image name="Ayano">
    <source>http://myanimelist.net/character/35876/Ayano_Sugiura</source>
    <fullname>Ayano Sugiura</fullname>
    <align>center</align>
  </image>
  <image name="Black Rock Shooter">
    <source>http://myanimelist.net/character/19706/Black%E2%98%85Rock_Shooter</source>
    <fullname>Black★ Rock Shooter</fullname>
    <align>left</align>
  </image>
  <image name="Chifuyu">
    <source>http://myanimelist.net/character/109393/Chifuyu_Himeki</source>
    <fullname>Chifuyu Himeki</fullname>
    <align>center</align>
  </image>
  <image name="Chino">
    <source>http://myanimelist.net/character/94941/Chino_Kafuu</source>
    <fullname>Chino Kafuu</fullname>
    <align>center</align>
  </image>
  <image name="Erica">
    <source>http://myanimelist.net/character/14137/Erica_Hartmann</source>
    <fullname>Erica Hartmann</fullname>
    <align>left</align>
  </image>
  <image name="Felicia">
    <source>http://darkstalkers.wikia.com/wiki/Felicia</source>
    <fullname>Felicia</fullname>
    <align>center</align>
  </image>
  <image name="Guu">
    <source>http://myanimelist.net/character/716/Guu</source>
    <fullname>Guu</fullname>
    <align>center</align>
  </image>
  <image name="Hestia">
    <source>http://myanimelist.net/character/93273/Hestia</source>
    <fullname>Hestia</fullname>
    <align>center</align>
  </image>
  <image name="Hibiki">
    <source>http://myanimelist.net/character/106615/Hibiki</source>
    <fullname>Hibiki</fullname>
    <align>center</align>
  </image>
  <image name="Hozuki">
    <source>http://myanimelist.net/character/88419/Hozuki_Ferrari</source>
    <fullname>Hozuki Ferrari</fullname>
    <align>center</align>
  </image>
  <image name="Ichika">
    <source>http://myanimelist.net/character/95405/Ichika_Mizuhara</source>
    <fullname>Ichika Mizuhara</fullname>
    <align>left</align>
  </image>
  <image name="Ikaros">
    <source>http://myanimelist.net/character/21150/Ikaros</source>
    <fullname>Ikaros</fullname>
    <align>right</align>
  </image>
  <image name="Jibril">
    <source>http://myanimelist.net/character/97761/Jibril</source>
    <fullname>Jibril</fullname>
    <align>center</align>
  </image>
  <image name="Kate Hoshimiya">
    <source>http://myanimelist.net/character/94543/Kate_Hoshimiya</source>
    <fullname>Kate Hoshimiya</fullname>
    <align>center</align>
  </image>
  <image name="Kirara">
    <source>http://myanimelist.net/character/74087/Kirara_Bernstein</source>
    <fullname>Kirara Bernstein</fullname>
    <align>right</align>
  </image>
  <image name="Lum">
    <source>http://myanimelist.net/character/4835/Lum</source>
    <fullname>Lum</fullname>
    <align>center</align>
  </image>
  <image name="Madoka">
    <source>http://myanimelist.net/character/37832/Madoka_Kaname</source>
    <fullname>Madoka Kaname</fullname>
    <align>center</align>
  </image>
  <image name="Michiru">
    <source>http://myanimelist.net/character/80897/Michiru_Matsushima</source>
    <fullname>Michiru Matsushima</fullname>
    <align>center</align>
  </image>
  <image name="Miya">
    <source>http://myanimelist.net/character/2627/Miyako</source>
    <fullname>Miyako</fullname>
    <align>right</align>
  </image>
  <image name="Momoka">
    <source>http://myanimelist.net/character/104939/Momoka_Sonokawa</source>
    <fullname>Momoka Sonokawa</fullname>
    <align>center</align>
  </image>
  <image name="Nausicaä">
    <source>http://myanimelist.net/character/539/Nausica%C3%A4</source>
    <fullname>Nausicaä</fullname>
    <align>center</align>
  </image>
  <image name="Noel.">
    <source>http://myanimelist.net/character/105177/Noel</source>
    <fullname>Noel</fullname>
    <align>left</align>
  </image>
  <image name="Nonon">
    <source>http://myanimelist.net/character/87693/Jakuzure_Nonon</source>
    <fullname>Nonon Jakuzure</fullname>
    <align>center</align>
  </image>
  <image name="Nozomi">
    <source>http://myanimelist.net/character/46169/Nozomi_Toujou</source>
    <fullname>Nozomi Toujou</fullname>
    <align>center</align>
  </image>
  <image name="Ochako">
    <source>http://myanimelist.net/character/117917/Ochako_Uraraka</source>
    <fullname>Ochako Uraraka</fullname>
    <align>left</align>
  </image>
  <image name="Ohana">
    <source>http://myanimelist.net/character/36184/Matsumae_Ohana</source>
    <fullname>Ohana Matsumae</fullname>
    <align>center</align>
  </image>
  <image name="Panty">
    <source>http://myanimelist.net/character/32800/Panty_Anarchy</source>
    <fullname>Panty Anarchy</fullname>
    <align>center</align>
  </image>
  <image name="Priscilla">
    <source>http://darksouls.wikidot.com/crossbreed-priscilla</source>
    <fullname>Priscilla the Crossbreed</fullname>
    <align>center</align>
  </image>
  <image name="Re-l">
    <source>http://myanimelist.net/character/643/Re-l_Mayer</source>
    <fullname>Re-l Mayer</fullname>
    <align>right</align>
  </image>
  <image name="Remus">
    <source>http://akamegakill.wikia.com/wiki/Remus</source>
    <fullname>Remus</fullname>
    <align>left</align>
  </image>
  <image name="Revy">
    <source>http://myanimelist.net/character/458/</source>
    <fullname>Revy</fullname>
    <align>left</align>
  </image>
  <image name="Rin">
    <source>http://myanimelist.net/character/1365/Rin</source>
    <fullname>Rin</fullname>
    <align>center</align>
  </image>
  <image name="Ryoko">
    <source>http://myanimelist.net/character/4322/Ryouko_Hakubi</source>
    <fullname>Ryoko Hakubi</fullname>
    <align>center</align>
  </image>
  <image name="Sabitsuki">
    <source>http://yumenikkifg.wikia.com/wiki/.flow</source>
    <fullname>Sabitsuki</fullname>
    <align>center</align>
  </image>
  <image name="Sharo">
    <source>http://myanimelist.net/character/94947/Sharo_Kirima</source>
    <fullname>Sharo Kirima</fullname>
    <align>center</align>
  </image>
  <image name="Shiro">
    <source>http://myanimelist.net/character/82525/Shiro</source>
    <fullname>Shiro</fullname>
    <align>center</align>
  </image>
  <image name="Shizune">
    <source>http://katawashoujo.wikia.com/wiki/Shizune_Hakamichi</source>
    <fullname>Shizune Hakamichi</fullname>
    <align>left</align>
  </image>
  <image name="Tooru">
    <source>http://myanimelist.net/character/38904/Tooru_Ichii</source>
    <fullname>Tooru Ichii</fullname>
    <align>center</align>
  </image>
  <image name="Tsukasa Ayatsuji">
    <source>http://myanimelist.net/character/32391/Tsukasa_Ayatsuji</source>
    <fullname>Tsukasa Ayatsuji</fullname>
    <align>center</align>
  </image>
  <image name="Watashi">
    <source>http://myanimelist.net/character/65607/Watashi</source>
    <fullname>Watashi</fullname>
    <align>right</align>
  </image>
  <image name="Yassan">
    <source>http://myanimelist.net/character/51015/Yassan</source>
    <fullname>Yassan</fullname>
    <align>right</align>
  </image>
  <image name="Yui Yuigahama">
    <source>http://myanimelist.net/character/67069/Yui_Yuigahama</source>
    <fullname>Yui Yuigahama</fullname>
    <align>center</align>
  </image>
  <image name="Yuki Kaizuka">
    <source>http://myanimelist.net/character/107549/Yuki_Kaizuka</source>
    <fullname>Yuki Kaizuka</fullname>
    <align>center</align>
  </image>
  <image name="Yukino">
    <source>http://myanimelist.net/character/67067/Yukino_Yukinoshita</source>
    <fullname>Yukino Yukinoshita</fullname>
    <align>center</align>
  </image></images>